{
  "plane_order": "linear",
  "pcx": [
    0.711120498350454,
    -3.895157210730642e-05,
    -0.0001786206881129658
  ],
  "pcy": [
    0.8758175950455805,
    0.00026362217203489905,
    -7.821800616057776e-06
  ],
  "pcz": [
    1.0658339469621372,
    4.1038668183681815e-05,
    2.509042868702741e-06
  ],
  "rms_residual": {
    "x": 0.01872837172875006,
    "y": 0.01900507612694763,
    "z": 0.00917348080120842
  }
}